"series_id","feature","value"
"noise","DN_HistogramMode_5",-1.33015456861281
"noise","DN_HistogramMode_10",-1.50230786523735
"noise","CO_f1ecac",56.6832788203926
"noise","CO_FirstMin_ac",181
"noise","CO_HistogramAMI_even_2_5",1.47171077217221
"noise","CO_trev_1_num",2.4782824266319e-06
"noise","MD_hrv_classic_pnn40",0
"noise","SB_BinaryStats_mean_longstretch1",125
"noise","SB_TransitionMatrix_3ac_sumdiagcov",0.166666666666667
"noise","PD_PeriodicityWang_th0_01",0
"noise","CO_Embed2_Dist_tau_d_expfit_meandiff",0
"noise","IN_AutoMutualInfoStats_40_gaussian_fmmi",40
"noise","FC_LocalSimple_mean1_tauresrat",1
"noise","DN_OutlierInclude_p_001_mdrmd",0.75390625
"noise","DN_OutlierInclude_n_001_mdrmd",-0.728515625
"noise","SP_Summaries_welch_rect_area_5_1",0.97214058068174
"noise","SB_BinaryStats_diff_longstretch0",1
"noise","SB_MotifThree_quantile_hh",1.1412534314041
"noise","SC_FluctAnal_2_rsrangefit_50_1_logi_prop_r1",0.255813953488372
"noise","SC_FluctAnal_2_dfa_50_1_2_logi_prop_r1",0.13953488372093
"noise","SP_Summaries_welch_rect_centroid",0.0245436926061719
"noise","FC_LocalSimple_mean3_stderr",0.00127639380239376
"periodic","DN_HistogramMode_5",-1.33953046974752
"periodic","DN_HistogramMode_10",-1.16996923799372
"periodic","CO_f1ecac",4.01216825725838
"periodic","CO_FirstMin_ac",9
"periodic","CO_HistogramAMI_even_2_5",0.377400293286176
"periodic","CO_trev_1_num",-0.00369362140466058
"periodic","MD_hrv_classic_pnn40",0.949019607843137
"periodic","SB_BinaryStats_mean_longstretch1",10
"periodic","SB_TransitionMatrix_3ac_sumdiagcov",0.0180699730872741
"periodic","PD_PeriodicityWang_th0_01",16
"periodic","CO_Embed2_Dist_tau_d_expfit_meandiff",0.596557873677224
"periodic","IN_AutoMutualInfoStats_40_gaussian_fmmi",3
"periodic","FC_LocalSimple_mean1_tauresrat",0.8
"periodic","DN_OutlierInclude_p_001_mdrmd",-0.03515625
"periodic","DN_OutlierInclude_n_001_mdrmd",0.02734375
"periodic","SP_Summaries_welch_rect_area_5_1",0.937344011902199
"periodic","SB_BinaryStats_diff_longstretch0",11
"periodic","SB_MotifThree_quantile_hh",1.7019769167965
"periodic","SC_FluctAnal_2_rsrangefit_50_1_logi_prop_r1",0.27906976744186
"periodic","SC_FluctAnal_2_dfa_50_1_2_logi_prop_r1",0.13953488372093
"periodic","SP_Summaries_welch_rect_centroid",0.368155389092578
"periodic","FC_LocalSimple_mean3_stderr",0.761950807576653
"trend","DN_HistogramMode_5",-0.766814814620133
"trend","DN_HistogramMode_10",-0.933983460501546
"trend","CO_f1ecac",53.9347588796587
"trend","CO_FirstMin_ac",178
"trend","CO_HistogramAMI_even_2_5",1.30944628098694
"trend","CO_trev_1_num",1.32805473558513e-05
"trend","MD_hrv_classic_pnn40",0.0549019607843137
"trend","SB_BinaryStats_mean_longstretch1",105
"trend","SB_TransitionMatrix_3ac_sumdiagcov",0.166666666666667
"trend","PD_PeriodicityWang_th0_01",0
"trend","CO_Embed2_Dist_tau_d_expfit_meandiff",15.7306644533846
"trend","IN_AutoMutualInfoStats_40_gaussian_fmmi",9
"trend","FC_LocalSimple_mean1_tauresrat",0.0666666666666667
"trend","DN_OutlierInclude_p_001_mdrmd",0.81640625
"trend","DN_OutlierInclude_n_001_mdrmd",-0.5625
"trend","SP_Summaries_welch_rect_area_5_1",0.974884678190689
"trend","SB_BinaryStats_diff_longstretch0",10
"trend","SB_MotifThree_quantile_hh",1.17841143922151
"trend","SC_FluctAnal_2_rsrangefit_50_1_logi_prop_r1",0.13953488372093
"trend","SC_FluctAnal_2_dfa_50_1_2_logi_prop_r1",0.767441860465116
"trend","SP_Summaries_welch_rect_centroid",0.0245436926061719
"trend","FC_LocalSimple_mean3_stderr",0.0336244303232976
"heavy_tail","DN_HistogramMode_5",1.87959939449943
"heavy_tail","DN_HistogramMode_10",0.00619343671928263
"heavy_tail","CO_f1ecac",1.61764724174256
"heavy_tail","CO_FirstMin_ac",1
"heavy_tail","CO_HistogramAMI_even_2_5",0.020442529760161
"heavy_tail","CO_trev_1_num",-0.167260147361061
"heavy_tail","MD_hrv_classic_pnn40",0.768627450980392
"heavy_tail","SB_BinaryStats_mean_longstretch1",5
"heavy_tail","SB_TransitionMatrix_3ac_sumdiagcov",0.028076380879149
"heavy_tail","PD_PeriodicityWang_th0_01",6
"heavy_tail","CO_Embed2_Dist_tau_d_expfit_meandiff",0.0195930247731796
"heavy_tail","IN_AutoMutualInfoStats_40_gaussian_fmmi",3
"heavy_tail","FC_LocalSimple_mean1_tauresrat",1
"heavy_tail","DN_OutlierInclude_p_001_mdrmd",-0.015625
"heavy_tail","DN_OutlierInclude_n_001_mdrmd",-0.015625
"heavy_tail","SP_Summaries_welch_rect_area_5_1",0.192841208352614
"heavy_tail","SB_BinaryStats_diff_longstretch0",2
"heavy_tail","SB_MotifThree_quantile_hh",1.81933763634255
"heavy_tail","SC_FluctAnal_2_rsrangefit_50_1_logi_prop_r1",0.86046511627907
"heavy_tail","SC_FluctAnal_2_dfa_50_1_2_logi_prop_r1",0.790697674418605
"heavy_tail","SP_Summaries_welch_rect_centroid",1.7426021750382
"heavy_tail","FC_LocalSimple_mean3_stderr",1.14309894990458
