"series_id","index","value"
"noise",1,-0.999955028295496
"noise",2,-0.999910024926025
"noise",3,-0.999864989891585
"noise",4,-0.999819923192179
"noise",5,-0.999774824827805
"noise",6,-0.999729694798463
"noise",7,-0.999684533104154
"noise",8,-0.999639339744877
"noise",9,-0.999594114720632
"noise",10,-0.99954885803142
"noise",11,-0.999503569677241
"noise",12,-0.999458249658094
"noise",13,-0.999412897973979
"noise",14,-0.999367514624897
"noise",15,-0.999322099610848
"noise",16,-0.99927665293183
"noise",17,-0.999231174587845
"noise",18,-0.999185664578893
"noise",19,-0.999140122904973
"noise",20,-0.999094549566086
"noise",21,-0.999048944562231
"noise",22,-0.999003307893408
"noise",23,-0.998957639559618
"noise",24,-0.99891193956086
"noise",25,-0.998866207897135
"noise",26,-0.998820444568442
"noise",27,-0.998774649574782
"noise",28,-0.998728822916154
"noise",29,-0.998682964592559
"noise",30,-0.998637074603996
"noise",31,-0.998591152950465
"noise",32,-0.998545199631967
"noise",33,-0.998499214648502
"noise",34,-0.998453198000068
"noise",35,-0.998407149686668
"noise",36,-0.998361069708299
"noise",37,-0.998314958064964
"noise",38,-0.99826881475666
"noise",39,-0.998222639783389
"noise",40,-0.998176433145151
"noise",41,-0.998130194841945
"noise",42,-0.998083924873771
"noise",43,-0.99803762324063
"noise",44,-0.997991289942521
"noise",45,-0.997944924979445
"noise",46,-0.997898528351401
"noise",47,-0.99785210005839
"noise",48,-0.997805640100411
"noise",49,-0.997759148477464
"noise",50,-0.997712625189551
"noise",51,-0.997666070236669
"noise",52,-0.99761948361882
"noise",53,-0.997572865336003
"noise",54,-0.997526215388219
"noise",55,-0.997479533775467
"noise",56,-0.997432820497748
"noise",57,-0.997386075555061
"noise",58,-0.997339298947407
"noise",59,-0.997292490674785
"noise",60,-0.997245650737195
"noise",61,-0.997198779134638
"noise",62,-0.997151875867113
"noise",63,-0.997104940934621
"noise",64,-0.997057974337161
"noise",65,-0.997010976074734
"noise",66,-0.996963946147339
"noise",67,-0.996916884554977
"noise",68,-0.996869791297647
"noise",69,-0.99682266637535
"noise",70,-0.996775509788085
"noise",71,-0.996728321535852
"noise",72,-0.996681101618652
"noise",73,-0.996633850036484
"noise",74,-0.996586566789349
"noise",75,-0.996539251877246
"noise",76,-0.996491905300176
"noise",77,-0.996444527058138
"noise",78,-0.996397117151132
"noise",79,-0.996349675579159
"noise",80,-0.996302202342219
"noise",81,-0.996254697440311
"noise",82,-0.996207160873435
"noise",83,-0.996159592641592
"noise",84,-0.996111992744781
"noise",85,-0.996064361183003
"noise",86,-0.996016697956257
"noise",87,-0.995969003064544
"noise",88,-0.995921276507863
"noise",89,-0.995873518286214
"noise",90,-0.995825728399598
"noise",91,-0.995777906848014
"noise",92,-0.995730053631463
"noise",93,-0.995682168749944
"noise",94,-0.995634252203458
"noise",95,-0.995586303992004
"noise",96,-0.995538324115583
"noise",97,-0.995490312574194
"noise",98,-0.995442269367837
"noise",99,-0.995394194496513
"noise",100,-0.995346087960222
"noise",101,-0.995297949758963
"noise",102,-0.995249779892736
"noise",103,-0.995201578361542
"noise",104,-0.99515334516538
"noise",105,-0.995105080304251
"noise",106,-0.995056783778154
"noise",107,-0.995008455587089
"noise",108,-0.994960095731057
"noise",109,-0.994911704210058
"noise",110,-0.994863281024091
"noise",111,-0.994814826173156
"noise",112,-0.994766339657254
"noise",113,-0.994717821476384
"noise",114,-0.994669271630547
"noise",115,-0.994620690119742
"noise",116,-0.994572076943969
"noise",117,-0.994523432103229
"noise",118,-0.994474755597522
"noise",119,-0.994426047426847
"noise",120,-0.994377307591204
"noise",121,-0.994328536090594
"noise",122,-0.994279732925016
"noise",123,-0.994230898094471
"noise",124,-0.994182031598958
"noise",125,-0.994133133438478
"noise",126,-0.99408420361303
"noise",127,-0.994035242122614
"noise",128,-0.993986248967231
"noise",129,-0.993937224146881
"noise",130,-0.993888167661563
"noise",131,-0.993839079511277
"noise",132,-0.993789959696024
"noise",133,-0.993740808215803
"noise",134,-0.993691625070615
"noise",135,-0.993642410260459
"noise",136,-0.993593163785335
"noise",137,-0.993543885645244
"noise",138,-0.993494575840186
"noise",139,-0.99344523437016
"noise",140,-0.993395861235166
"noise",141,-0.993346456435205
"noise",142,-0.993297019970276
"noise",143,-0.99324755184038
"noise",144,-0.993198052045516
"noise",145,-0.993148520585684
"noise",146,-0.993098957460885
"noise",147,-0.993049362671119
"noise",148,-0.992999736216385
"noise",149,-0.992950078096683
"noise",150,-0.992900388312014
"noise",151,-0.992850666862377
"noise",152,-0.992800913747773
"noise",153,-0.992751128968201
"noise",154,-0.992701312523662
"noise",155,-0.992651464414155
"noise",156,-0.99260158463968
"noise",157,-0.992551673200238
"noise",158,-0.992501730095829
"noise",159,-0.992451755326452
"noise",160,-0.992401748892107
"noise",161,-0.992351710792795
"noise",162,-0.992301641028515
"noise",163,-0.992251539599268
"noise",164,-0.992201406505053
"noise",165,-0.99215124174587
"noise",166,-0.99210104532172
"noise",167,-0.992050817232603
"noise",168,-0.992000557478518
"noise",169,-0.991950266059465
"noise",170,-0.991899942975445
"noise",171,-0.991849588226457
"noise",172,-0.991799201812502
"noise",173,-0.991748783733579
"noise",174,-0.991698333989688
"noise",175,-0.99164785258083
"noise",176,-0.991597339507005
"noise",177,-0.991546794768212
"noise",178,-0.991496218364451
"noise",179,-0.991445610295723
"noise",180,-0.991394970562027
"noise",181,-0.991344299163364
"noise",182,-0.991293596099733
"noise",183,-0.991242861371135
"noise",184,-0.991192094977569
"noise",185,-0.991141296919035
"noise",186,-0.991090467195534
"noise",187,-0.991039605807066
"noise",188,-0.99098871275363
"noise",189,-0.990937788035226
"noise",190,-0.990886831651855
"noise",191,-0.990835843603516
"noise",192,-0.99078482389021
"noise",193,-0.990733772511936
"noise",194,-0.990682689468694
"noise",195,-0.990631574760485
"noise",196,-0.990580428387309
"noise",197,-0.990529250349165
"noise",198,-0.990478040646053
"noise",199,-0.990426799277974
"noise",200,-0.990375526244927
"noise",201,-0.990324221546913
"noise",202,-0.990272885183931
"noise",203,-0.990221517155981
"noise",204,-0.990170117463064
"noise",205,-0.99011868610518
"noise",206,-0.990067223082328
"noise",207,-0.990015728394508
"noise",208,-0.989964202041721
"noise",209,-0.989912644023966
"noise",210,-0.989861054341244
"noise",211,-0.989809432993554
"noise",212,-0.989757779980897
"noise",213,-0.989706095303272
"noise",214,-0.989654378960679
"noise",215,-0.989602630953119
"noise",216,-0.989550851280592
"noise",217,-0.989499039943097
"noise",218,-0.989447196940634
"noise",219,-0.989395322273204
"noise",220,-0.989343415940806
"noise",221,-0.989291477943441
"noise",222,-0.989239508281108
"noise",223,-0.989187506953807
"noise",224,-0.989135473961539
"noise",225,-0.989083409304304
"noise",226,-0.989031312982101
"noise",227,-0.98897918499493
"noise",228,-0.988927025342792
"noise",229,-0.988874834025686
"noise",230,-0.988822611043613
"noise",231,-0.988770356396572
"noise",232,-0.988718070084563
"noise",233,-0.988665752107588
"noise",234,-0.988613402465644
"noise",235,-0.988561021158733
"noise",236,-0.988508608186854
"noise",237,-0.988456163550008
"noise",238,-0.988403687248194
"noise",239,-0.988351179281413
"noise",240,-0.988298639649664
"noise",241,-0.988246068352948
"noise",242,-0.988193465391264
"noise",243,-0.988140830764613
"noise",244,-0.988088164472994
"noise",245,-0.988035466516407
"noise",246,-0.987982736894853
"noise",247,-0.987929975608331
"noise",248,-0.987877182656842
"noise",249,-0.987824358040385
"noise",250,-0.987771501758961
"noise",251,-0.987718613812569
"noise",252,-0.987665694201209
"noise",253,-0.987612742924882
"noise",254,-0.987559759983588
"noise",255,-0.987506745377326
"noise",256,-0.987453699106096
"periodic",1,0.517114116651836
"periodic",2,0.618065410157479
"periodic",3,0.669921074379458
"periodic",4,0.77049195931943
"periodic",5,0.90619540968374
"periodic",6,0.953889677744923
"periodic",7,0.776432162877356
"periodic",8,0.339621968281254
"periodic",9,-0.239379751305649
"periodic",10,-0.751674379852961
"periodic",11,-1.02325944425584
"periodic",12,-1.0174558766619
"periodic",13,-0.839861725830351
"periodic",14,-0.645163291355063
"periodic",15,-0.517823193181874
"periodic",16,-0.416871899676232
"periodic",17,-0.225242216975605
"periodic",18,0.135999449211548
"periodic",19,0.618065410157478
"periodic",20,1.05103574181975
"periodic",21,1.24573417629503
"periodic",22,1.1176980936375
"periodic",23,0.742386993791162
"periodic",24,0.301189945901752
"periodic",25,-0.0414926991590347
"periodic",26,-0.239379751305649
"periodic",27,-0.370559712412672
"periodic",28,-0.548017227280239
"periodic",29,-0.805953192708135
"periodic",30,-1.05136440978411
"periodic",31,-1.12040550833067
"periodic",32,-0.898937860622162
"periodic",33,-0.416871899676231
"periodic",34,0.155872450464683
"periodic",35,0.611241666187151
"periodic",36,0.82956809411124
"periodic",37,0.839533057865984
"periodic",38,0.77049195931943
"periodic",39,0.736583426197214
"periodic",40,0.74238699379116
"periodic",41,0.682304613342041
"periodic",42,0.43374951781657
"periodic",43,-0.0278770673518855
"periodic",44,-0.582062396366429
"periodic",45,-1.02325944425584
"periodic",46,-1.18706786014842
"periodic",47,-1.05136440978411
"periodic",48,-0.73929084089038
"periodic",49,-0.423695643646559
"periodic",50,-0.205369215722469
"periodic",51,-0.0556302334890789
"periodic",52,0.135999449211549
"periodic",53,0.448453426670953
"periodic",54,0.839533057865983
"periodic",55,1.15160662675972
"periodic",56,1.21182564317282
"periodic",57,0.953889677744925
"periodic",58,0.470801929388279
"periodic",59,-0.0414926991590322
"periodic",60,-0.408991734792173
"periodic",61,-0.582062396366434
"periodic",62,-0.642144776815555
"periodic",63,-0.711825643172819
"periodic",64,-0.839861725830351
"periodic",65,-0.950793524844141
"periodic",66,-0.898937860622161
"periodic",67,-0.586483883162758
"periodic",68,-0.0556302334890784
"periodic",69,0.517114116651834
"periodic",70,0.923695643646555
"periodic",71,1.05103574181975
"periodic",72,0.940103942805956
"periodic",73,0.736583426197216
"periodic",74,0.572775010304635
"periodic",75,0.470801929388276
"periodic",76,0.339621968281256
"periodic",77,0.0662504821834295
"periodic",78,-0.370559712412671
"periodic",79,-0.85364746076932
"periodic",80,-1.18706786014842
"periodic",81,-1.22097639327064
"periodic",82,-0.950793524844144
"periodic",83,-0.517823193181872
"periodic",84,-0.111241666187153
"periodic",85,0.155872450464681
"periodic",86,0.305611432698073
"periodic",87,0.448453426670951
"periodic",88,0.669921074379452
"periodic",89,0.940103942805957
"periodic",90,1.1176980936375
"periodic",91,1.04801722728024
"periodic",92,0.682304613342044
"periodic",93,0.128119284327497
"periodic",94,-0.408991734792175
"periodic",95,-0.751674379852962
"periodic",96,-0.853647460769318
"periodic",97,-0.805953192708138
"periodic",98,-0.745734176295035
"periodic",99,-0.73929084089038
"periodic",100,-0.729325877135635
"periodic",101,-0.586483883162762
"periodic",102,-0.225242216975607
"periodic",103,0.305611432698066
"periodic",104,0.829568094111245
"periodic",105,1.14516329135506
"periodic",106,1.15160662675972
"periodic",107,0.906195409683744
"periodic",108,0.572775010304636
"periodic",109,0.301189945901754
"periodic",110,0.128119284327487
"periodic",111,-0.027877067351886
"periodic",112,-0.276432162877352
"periodic",113,-0.642144776815552
"periodic",114,-1.01745587666189
"periodic",115,-1.22097639327064
"periodic",116,-1.12040550833067
"periodic",117,-0.729325877135635
"periodic",118,-0.205369215722474
"periodic",119,0.249999999999998
"periodic",120,0.517114116651834
"periodic",121,0.61806541015748
"periodic",122,0.669921074379457
"periodic",123,0.770491959319429
"periodic",124,0.90619540968374
"periodic",125,0.953889677744926
"periodic",126,0.776432162877355
"periodic",127,0.339621968281256
"periodic",128,-0.239379751305647
"periodic",129,-0.751674379852955
"periodic",130,-1.02325944425584
"periodic",131,-1.0174558766619
"periodic",132,-0.839861725830352
"periodic",133,-0.645163291355063
"periodic",134,-0.517823193181873
"periodic",135,-0.416871899676233
"periodic",136,-0.225242216975608
"periodic",137,0.135999449211549
"periodic",138,0.618065410157474
"periodic",139,1.05103574181974
"periodic",140,1.24573417629503
"periodic",141,1.11769809363751
"periodic",142,0.742386993791163
"periodic",143,0.30118994590175
"periodic",144,-0.0414926991590317
"periodic",145,-0.239379751305651
"periodic",146,-0.370559712412672
"periodic",147,-0.548017227280242
"periodic",148,-0.805953192708134
"periodic",149,-1.05136440978411
"periodic",150,-1.12040550833067
"periodic",151,-0.898937860622167
"periodic",152,-0.416871899676237
"periodic",153,0.155872450464679
"periodic",154,0.611241666187153
"periodic",155,0.829568094111237
"periodic",156,0.839533057865984
"periodic",157,0.77049195931943
"periodic",158,0.736583426197214
"periodic",159,0.742386993791162
"periodic",160,0.682304613342037
"periodic",161,0.433749517816574
"periodic",162,-0.027877067351875
"periodic",163,-0.582062396366423
"periodic",164,-1.02325944425584
"periodic",165,-1.18706786014842
"periodic",166,-1.05136440978411
"periodic",167,-0.739290840890377
"periodic",168,-0.423695643646557
"periodic",169,-0.205369215722465
"periodic",170,-0.0556302334890831
"periodic",171,0.135999449211548
"periodic",172,0.448453426670948
"periodic",173,0.83953305786598
"periodic",174,1.15160662675971
"periodic",175,1.21182564317282
"periodic",176,0.953889677744939
"periodic",177,0.470801929388267
"periodic",178,-0.0414926991590386
"periodic",179,-0.408991734792174
"periodic",180,-0.582062396366431
"periodic",181,-0.642144776815561
"periodic",182,-0.711825643172819
"periodic",183,-0.839861725830352
"periodic",184,-0.950793524844144
"periodic",185,-0.898937860622161
"periodic",186,-0.586483883162765
"periodic",187,-0.0556302334890741
"periodic",188,0.517114116651835
"periodic",189,0.923695643646554
"periodic",190,1.05103574181975
"periodic",191,0.940103942805956
"periodic",192,0.736583426197216
"periodic",193,0.572775010304639
"periodic",194,0.470801929388272
"periodic",195,0.339621968281252
"periodic",196,0.0662504821834382
"periodic",197,-0.370559712412658
"periodic",198,-0.853647460769318
"periodic",199,-1.18706786014843
"periodic",200,-1.22097639327064
"periodic",201,-0.950793524844146
"periodic",202,-0.517823193181878
"periodic",203,-0.111241666187151
"periodic",204,0.155872450464682
"periodic",205,0.305611432698071
"periodic",206,0.448453426670946
"periodic",207,0.669921074379453
"periodic",208,0.940103942805962
"periodic",209,1.1176980936375
"periodic",210,1.04801722728024
"periodic",211,0.682304613342045
"periodic",212,0.128119284327491
"periodic",213,-0.408991734792172
"periodic",214,-0.751674379852957
"periodic",215,-0.853647460769312
"periodic",216,-0.805953192708137
"periodic",217,-0.745734176295035
"periodic",218,-0.739290840890379
"periodic",219,-0.729325877135636
"periodic",220,-0.586483883162749
"periodic",221,-0.225242216975599
"periodic",222,0.305611432698075
"periodic",223,0.829568094111237
"periodic",224,1.14516329135506
"periodic",225,1.15160662675972
"periodic",226,0.906195409683747
"periodic",227,0.572775010304644
"periodic",228,0.301189945901762
"periodic",229,0.128119284327493
"periodic",230,-0.0278770673518907
"periodic",231,-0.276432162877356
"periodic",232,-0.642144776815552
"periodic",233,-1.0174558766619
"periodic",234,-1.22097639327064
"periodic",235,-1.12040550833067
"periodic",236,-0.729325877135644
"periodic",237,-0.205369215722485
"periodic",238,0.249999999999997
"periodic",239,0.517114116651835
"periodic",240,0.618065410157478
"periodic",241,0.669921074379455
"periodic",242,0.770491959319431
"periodic",243,0.90619540968374
"periodic",244,0.953889677744923
"periodic",245,0.776432162877362
"periodic",246,0.339621968281256
"periodic",247,-0.239379751305646
"periodic",248,-0.751674379852954
"periodic",249,-1.02325944425584
"periodic",250,-1.0174558766619
"periodic",251,-0.839861725830351
"periodic",252,-0.645163291355061
"periodic",253,-0.517823193181877
"periodic",254,-0.416871899676239
"periodic",255,-0.225242216975601
"periodic",256,0.135999449211546
"trend",1,0.0148430112069951
"trend",2,0.0279765956222369
"trend",3,0.0377980365450823
"trend",4,0.0430793169431656
"trend",5,0.0431023070672757
"trend",6,0.0377378205600341
"trend",7,0.0274598360791037
"trend",8,0.0132933188317906
"trend",9,-0.00329861385481914
"trend",10,-0.0205757614250243
"trend",11,-0.0367124119997297
"trend",12,-0.0499983278903964
"trend",13,-0.0590270190088506
"trend",14,-0.0628505778861464
"trend",15,-0.0610840311159694
"trend",16,-0.053947719578379
"trend",17,-0.0422430419700279
"trend",18,-0.0272642319411963
"trend",19,-0.0106558809512039
"trend",20,0.005768108403561
"trend",21,0.020224207865627
"trend",22,0.0311556051996903
"trend",23,0.0374035875915062
"trend",24,0.0383350998311691
"trend",25,0.0339124348969222
"trend",26,0.0246973849744031
"trend",27,0.0117893959417753
"trend",28,-0.00329546634726254
"trend",29,-0.0187914138518283
"trend",30,-0.0328773250757185
"trend",31,-0.0438772252439737
"trend",32,-0.0504447878419054
"trend",33,-0.0517115464603477
"trend",34,-0.0473825008820242
"trend",35,-0.037768592507142
"trend",36,-0.0237524740250218
"trend",37,-0.00669134161537091
"trend",38,0.0117324734960786
"trend",39,0.0296967063335195
"trend",40,0.0454397642288528
"trend",41,0.0574546537012915
"trend",42,0.0646548795034935
"trend",43,0.0664940526540177
"trend",44,0.063026040273401
"trend",45,0.0548990355625433
"trend",46,0.0432842007363965
"trend",47,0.0297467383346208
"trend",48,0.0160735841667467
"trend",49,0.00407669050478376
"trend",50,-0.00460644468914725
"trend",51,-0.00869304353929035
"trend",52,-0.00739626427921818
"trend",53,-0.000511821599014015
"trend",54,0.0115595243801662
"trend",55,0.0278560862278214
"trend",56,0.0469611176298368
"trend",57,0.0671587774753351
"trend",58,0.0866230201254409
"trend",59,0.103618617669545
"trend",60,0.116692184411381
"trend",61,0.124832174442843
"trend",62,0.127580238795425
"trend",63,0.12508168329399
"trend",64,0.118069472404129
"trend",65,0.107783540027301
"trend",66,0.0958342900042298
"trend",67,0.084025313024779
"trend",68,0.0741548363496185
"trend",69,0.067817763970929
"trend",70,0.0662300998402722
"trend",71,0.0700950827270174
"trend",72,0.0795257693996688
"trend",73,0.0940325886463095
"trend",74,0.112577236263602
"trend",75,0.133686977924799
"trend",76,0.155616776768968
"trend",77,0.176541397716228
"trend",78,0.19475634049273
"trend",79,0.208865481430817
"trend",80,0.217934767289005
"trend",81,0.221595041537413
"trend",82,0.220082683363149
"trend",83,0.21421358560574
"trend",84,0.205293336290393
"trend",85,0.194973491524474
"trend",86,0.18506976211454
"trend",87,0.177362129031539
"trend",88,0.173398892234523
"trend",89,0.174326224355112
"trend",90,0.180761993014107
"trend",91,0.192727742180245
"trend",92,0.209646320478543
"trend",93,0.230405417538534
"trend",94,0.253480013913139
"trend",95,0.277100264533259
"trend",96,0.299446334062084
"trend",97,0.318848735483378
"trend",98,0.333972117428397
"trend",99,0.343962267810051
"trend",100,0.348540150706438
"trend",101,0.348032624339305
"trend",102,0.343336458524751
"trend",103,0.335819612774967
"trend",104,0.327170642960499
"trend",105,0.31921281476738
"trend",106,0.313703387475053
"trend",107,0.312140164122658
"trend",108,0.315596604202844
"trend",109,0.324603650684803
"trend",110,0.339091280569556
"trend",111,0.358396213449337
"trend",112,0.381334929465783
"trend",113,0.406333958404128
"trend",114,0.431603096904219
"trend",115,0.455332484979833
"trend",116,0.475891846459445
"trend",117,0.492009959743892
"trend",118,0.50291460164383
"trend",119,0.508417558424668
"trend",120,0.508935345523967
"trend",121,0.505443354988256
"trend",122,0.499368478359468
"trend",123,0.492432025739452
"trend",124,0.486460233461283
"trend",125,0.483183220840213
"trend",126,0.484044528072968
"trend",127,0.49004220251666
"trend",128,0.50161892754027
"trend",129,0.518613289235758
"trend",130,0.540277545846875
"trend",131,0.56535994374843
"trend",132,0.592242518130271
"trend",133,0.619119208445095
"trend",134,0.644194680583782
"trend",135,0.665881968218893
"trend",136,0.682977175750189
"trend",137,0.694792010484937
"trend",138,0.70122955410119
"trend",139,0.702794932008581
"trend",140,0.700539706058241
"trend",141,0.695946112191949
"trend",142,0.6907638868571
"trend",143,0.686817645332284
"trend",144,0.685806016933817
"trend",145,0.689114649526444
"trend",146,0.697663668943722
"trend",147,0.711806385916714
"trend",148,0.731290401470911
"trend",149,0.755285392546842
"trend",150,0.782474519033554
"trend",151,0.811199389570449
"trend",152,0.839642627396676
"trend",153,0.866027938284356
"trend",154,0.888815655855674
"trend",155,0.90687223746106
"trend",156,0.919595051477024
"trend",157,0.926978718675758
"trend",158,0.929615704403392
"trend",159,0.928631096376279
"trend",160,0.925558748153861
"trend",161,0.922172423171027
"trend",162,0.920290528026169
"trend",163,0.921575931177154
"trend",164,0.927352904225723
"trend",165,0.938461338011756
"trend",166,0.955164282300095
"trend",167,0.977118987655882
"trend",168,1.00341463739565
"trend",169,1.03267261585055
"trend",170,1.06319827479885
"trend",171,1.09316749069208
"trend",172,1.12082747531581
"trend",173,1.14468973342124
"trend",174,1.16369392537298
"trend",175,1.17732459581197
"trend",176,1.18566791812954
"trend",177,1.18940220797414
"trend",178,1.18972325012208
"trend",179,1.18821265918622
"trend",180,1.18666376581989
"trend",181,1.18688419592605
"trend",182,1.19049687615804
"trend",183,1.19876137224177
"trend",184,1.21243522828795
"trend",185,1.23169057170984
"trend",186,1.25609516438629
"trend",187,1.28465998607399
"trend",188,1.31594811179616
"trend",189,1.34823289731983
"trend",190,1.37968805869824
"trend",191,1.40858872076152
"trend",192,1.43350130190984
"trend",193,1.4534413315313
"trend",194,1.46798182653946
"trend",195,1.47730029627919
"trend",196,1.48215920121394
"trend",197,1.4838220166212
"trend",198,1.48391414151755
"trend",199,1.48424396480791
"trend",200,1.48660378679043
"trend",201,1.49257251179342
"trend",202,1.50334183274394
"trend",203,1.51958504233228
"trend",204,1.54138291284054
"trend",205,1.56821480423653
"trend",206,1.59901597940828
"trend",207,1.63229481692803
"trend",208,1.66629701784888
"trend",209,1.69919872964706
"trend",210,1.72930732704664
"trend",211,1.75524774654746
"trend",212,1.77611386181315
"trend",213,1.79156823559241
"trend",214,1.80187926687236
"trend",215,1.80789164387894
"trend",216,1.8109333556381
"trend",217,1.81266949883333
"trend",218,1.81491897379336
"trend",219,1.81945424883532
"trend",220,1.82780623612722
"trend",221,1.84109575952667
"trend",222,1.85991016744534
"trend",223,1.88423867394866
"trend",224,1.91347354613738
"trend",225,1.94647700709672
"trend",226,1.98170648932803
"trend",227,2.01738445000006
"trend",228,2.05169405371991
"trend",229,2.08297918086919
"trend",230,2.10992674336615
"trend",231,2.13171123742122
"trend",232,2.14808562003585
"trend",233,2.15940850500452
"trend",234,2.16660468451813
"trend",235,2.17106332239151
"trend",236,2.17448502642659
"trend",237,2.17869463511931
"trend",238,2.185440328293
"trend",239,2.19620117678668
"trend",240,2.21202431730383
"trend",241,2.23340967720887
"trend",242,2.26025493946959
"trend",243,2.29186680634096
"trend",244,2.32703732181517
"trend",245,2.36417685079634
"trend",246,2.4014890758404
"trend",247,2.43716874675012
"trend",248,2.46960041354211
"trend",249,2.4975362650472
"trend",250,2.52023349558474
"trend",251,2.53753607754853
"trend",252,2.54989193787866
"trend",253,2.55830364752824
"trend",254,2.56421805232982
"trend",255,2.56936699536976
"trend",256,2.57557666512422
"heavy_tail",1,-2.05810242512043
"heavy_tail",2,-0.786108979026459
"heavy_tail",3,-0.217245734702564
"heavy_tail",4,0.242989638387732
"heavy_tail",5,0.826448678566792
"heavy_tail",6,2.19291829148694
"heavy_tail",7,-25
"heavy_tail",8,-1.93620609067853
"heavy_tail",9,-0.747290911293409
"heavy_tail",10,-0.191773905576875
"heavy_tail",11,0.269041303114563
"heavy_tail",12,0.868452474477586
"heavy_tail",13,2.34301202830124
"heavy_tail",14,-20.435108794274
"heavy_tail",15,-1.82533061049522
"heavy_tail",16,-0.709866072319113
"heavy_tail",17,-0.166539859603569
"heavy_tail",18,0.295438019668955
"heavy_tail",19,0.912278990703043
"heavy_tail",20,2.51134993116587
"heavy_tail",21,-13.6098164940374
"heavy_tail",22,-1.72393005549676
"heavy_tail",23,-0.673718335581313
"heavy_tail",24,-0.141510506790606
"heavy_tail",25,0.322218910660095
"heavy_tail",26,0.958105487836411
"heavy_tail",27,2.701715911478
"heavy_tail",28,-10.1930867025906
"heavy_tail",29,-1.6307328418329
"heavy_tail",30,-0.638742325418577
"heavy_tail",31,-100
"heavy_tail",32,0.349425179421184
"heavy_tail",33,1.00613080293075
"heavy_tail",34,2.91901433529967
"heavy_tail",35,-8.13977643889561
"heavy_tail",36,-1.5446833443387
"heavy_tail",37,-0.604842107321234
"heavy_tail",38,-0.0919384556869843
"heavy_tail",39,0.377100383823545
"heavy_tail",40,1.05657885643662
"heavy_tail",41,3.16971822334157
"heavy_tail",42,-6.76817005879852
"heavy_tail",43,-1.46489780767564
"heavy_tail",44,-0.571930058866811
"heavy_tail",45,-0.0673340128805476
"heavy_tail",46,0.405290739067049
"heavy_tail",47,1.10970285872816
"heavy_tail",48,3.46255129280946
"heavy_tail",49,-5.78610257716721
"heavy_tail",50,-1.39063063024005
"heavy_tail",51,-0.539925892393887
"heavy_tail",52,-0.0428104604447058
"heavy_tail",53,0.434045454146916
"heavy_tail",54,1.16579038520881
"heavy_tail",55,3.80955973575903
"heavy_tail",56,-5.04749049669014
"heavy_tail",57,-1.32124828080049
"heavy_tail",58,-0.508755805631354
"heavy_tail",59,-0.018338199126098
"heavy_tail",60,0.463417107462635
"heavy_tail",61,1.22516953726064
"heavy_tail",62,4.22786090829997
"heavy_tail",63,-4.47117541590518
"heavy_tail",64,-1.25620890492308
"heavy_tail",65,-0.478351740619146
"heavy_tail",66,0.00611212407484386
"heavy_tail",67,0.493462067956712
"heavy_tail",68,1.28821647066575
"heavy_tail",69,4.74262638671403
"heavy_tail",70,-4.00846147096725
"heavy_tail",71,-1.19504622362503
"heavy_tail",72,-0.448650734584949
"heavy_tail",73,0.0305697570668105
"heavy_tail",74,0.524240969283576
"heavy_tail",75,1.3553646597735
"heavy_tail",76,5.39245146634688
"heavy_tail",77,-3.62835962601646
"heavy_tail",78,-1.13735670569023
"heavy_tail",79,-0.419594349143778
"heavy_tail",80,0.0550639827590992
"heavy_tail",81,0.555819245855719
"heavy_tail",82,1.42711638352604
"heavy_tail",83,6.23968111864341
"heavy_tail",84,-3.31020981709575
"heavy_tail",85,-1.08278926223982
"heavy_tail",86,-0.391128166391057
"heavy_tail",87,0.0796242595097203
"heavy_tail",88,0.588267741249553
"heavy_tail",89,1.50405708148334
"heavy_tail",90,7.39200062586042
"heavy_tail",91,-3.03970825921008
"heavy_tail",92,-1.03103690297772
"heavy_tail",93,-0.363201342264436
"heavy_tail",94,0.104280363364434
"heavy_tail",95,0.621663401446671
"heavy_tail",96,1.58687345342109
"heavy_tail",97,9.0528137254834
"heavy_tail",98,-2.80663733491934
"heavy_tail",99,-0.98182993151354
"heavy_tail",100,-0.335766209033034
"heavy_tail",101,0.129062533552462
"heavy_tail",102,0.656090067825285
"heavy_tail",103,1.67637649373005
"heavy_tail",104,11.6579832838489
"heavy_tail",105,-2.60350352637744
"heavy_tail",106,-0.934930358076835
"heavy_tail",107,-0.308777919996387
"heavy_tail",108,0.154001622762136
"heavy_tail",109,0.691639387813997
"heavy_tail",110,1.77353110563892
"heavy_tail",111,16.3407495808586
"heavy_tail",112,-2.42468612176962
"heavy_tail",113,-0.890127282523323
"heavy_tail",114,-0.282194130487895
"heavy_tail",115,0.17912925380482
"heavy_tail",116,0.72841186482051
"heavy_tail",117,1.8794945982845
"heavy_tail",118,25
"heavy_tail",119,-2.26588637723658
"heavy_tail",120,-0.847233056209818
"heavy_tail",121,-0.255974710117508
"heavy_tail",122,0.204477984390526
"heavy_tail",123,0.766518073638688
"heavy_tail",124,1.99566733933975
"heavy_tail",125,25
"heavy_tail",126,-2.12376029044144
"heavy_tail",127,150
"heavy_tail",128,-0.230081481886739
"heavy_tail",129,0.230081481886739
"heavy_tail",130,0.806080073262063
"heavy_tail",131,2.12376029044144
"heavy_tail",132,-25
"heavy_tail",133,-1.99566733933975
"heavy_tail",134,-0.766518073638688
"heavy_tail",135,-0.204477984390526
"heavy_tail",136,0.255974710117508
"heavy_tail",137,0.847233056209818
"heavy_tail",138,2.26588637723658
"heavy_tail",139,-25
"heavy_tail",140,-1.8794945982845
"heavy_tail",141,-0.72841186482051
"heavy_tail",142,-0.17912925380482
"heavy_tail",143,0.282194130487895
"heavy_tail",144,0.890127282523323
"heavy_tail",145,2.42468612176962
"heavy_tail",146,-16.3407495808587
"heavy_tail",147,-1.77353110563892
"heavy_tail",148,-0.691639387813997
"heavy_tail",149,-0.154001622762135
"heavy_tail",150,0.308777919996387
"heavy_tail",151,0.934930358076835
"heavy_tail",152,2.60350352637744
"heavy_tail",153,-11.6579832838489
"heavy_tail",154,-1.67637649373005
"heavy_tail",155,-0.656090067825285
"heavy_tail",156,-0.129062533552462
"heavy_tail",157,0.335766209033034
"heavy_tail",158,0.98182993151354
"heavy_tail",159,2.80663733491934
"heavy_tail",160,-9.0528137254834
"heavy_tail",161,-1.58687345342109
"heavy_tail",162,-0.62166340144667
"heavy_tail",163,-0.104280363364434
"heavy_tail",164,0.363201342264437
"heavy_tail",165,1.03103690297772
"heavy_tail",166,3.03970825921008
"heavy_tail",167,-7.3920006258604
"heavy_tail",168,-1.50405708148334
"heavy_tail",169,-0.588267741249553
"heavy_tail",170,-0.0796242595097203
"heavy_tail",171,0.391128166391057
"heavy_tail",172,1.08278926223981
"heavy_tail",173,3.31020981709575
"heavy_tail",174,-6.23968111864341
"heavy_tail",175,-1.42711638352604
"heavy_tail",176,-0.555819245855719
"heavy_tail",177,-0.055063982759099
"heavy_tail",178,0.419594349143778
"heavy_tail",179,1.13735670569023
"heavy_tail",180,3.62835962601646
"heavy_tail",181,-5.39245146634688
"heavy_tail",182,-1.3553646597735
"heavy_tail",183,-0.524240969283576
"heavy_tail",184,-0.0305697570668107
"heavy_tail",185,0.448650734584949
"heavy_tail",186,1.19504622362503
"heavy_tail",187,4.00846147096726
"heavy_tail",188,-4.74262638671403
"heavy_tail",189,-1.28821647066575
"heavy_tail",190,-0.493462067956712
"heavy_tail",191,-0.00611212407484386
"heavy_tail",192,0.478351740619146
"heavy_tail",193,1.25620890492308
"heavy_tail",194,4.47117541590518
"heavy_tail",195,-4.22786090829997
"heavy_tail",196,-1.22516953726064
"heavy_tail",197,-0.463417107462635
"heavy_tail",198,0.018338199126098
"heavy_tail",199,0.508755805631354
"heavy_tail",200,1.32124828080049
"heavy_tail",201,5.04749049669014
"heavy_tail",202,-3.80955973575904
"heavy_tail",203,-1.16579038520881
"heavy_tail",204,-0.434045454146916
"heavy_tail",205,0.0428104604447056
"heavy_tail",206,0.539925892393887
"heavy_tail",207,1.39063063024005
"heavy_tail",208,5.78610257716721
"heavy_tail",209,-3.46255129280946
"heavy_tail",210,-1.10970285872816
"heavy_tail",211,-0.405290739067049
"heavy_tail",212,0.0673340128805478
"heavy_tail",213,0.571930058866811
"heavy_tail",214,1.46489780767564
"heavy_tail",215,6.76817005879853
"heavy_tail",216,-3.16971822334157
"heavy_tail",217,-1.05657885643662
"heavy_tail",218,-0.377100383823545
"heavy_tail",219,0.0919384556869843
"heavy_tail",220,0.604842107321234
"heavy_tail",221,1.5446833443387
"heavy_tail",222,8.13977643889561
"heavy_tail",223,-75
"heavy_tail",224,-1.00613080293075
"heavy_tail",225,-0.349425179421185
"heavy_tail",226,0.116653778052356
"heavy_tail",227,0.638742325418577
"heavy_tail",228,1.6307328418329
"heavy_tail",229,10.1930867025906
"heavy_tail",230,-2.701715911478
"heavy_tail",231,-0.958105487836411
"heavy_tail",232,-0.322218910660095
"heavy_tail",233,0.141510506790605
"heavy_tail",234,0.673718335581313
"heavy_tail",235,1.72393005549676
"heavy_tail",236,13.6098164940374
"heavy_tail",237,-2.51134993116587
"heavy_tail",238,-0.912278990703043
"heavy_tail",239,-0.295438019668955
"heavy_tail",240,0.166539859603569
"heavy_tail",241,0.709866072319113
"heavy_tail",242,1.82533061049522
"heavy_tail",243,20.435108794274
"heavy_tail",244,-2.34301202830124
"heavy_tail",245,-0.868452474477586
"heavy_tail",246,-0.269041303114563
"heavy_tail",247,0.191773905576875
"heavy_tail",248,0.747290911293409
"heavy_tail",249,1.93620609067853
"heavy_tail",250,25
"heavy_tail",251,-2.19291829148694
"heavy_tail",252,-0.826448678566792
"heavy_tail",253,-0.242989638387732
"heavy_tail",254,0.217245734702564
"heavy_tail",255,0.786108979026459
"heavy_tail",256,2.05810242512043
