item,channel,sample,value
1,1,1,-1.54544684033916
1,1,2,-1.53158633056033
1,1,3,-1.51772582078151
1,1,4,-1.50386531100268
1,1,5,-1.49000480122386
1,1,6,-1.47614429144503
1,1,7,-1.4622837816662
1,1,8,-1.44842327188738
1,1,9,-1.43456276210855
1,1,10,-1.42070225232972
1,1,11,-1.4068417425509
1,1,12,-1.39298123277207
1,1,13,-1.37912072299324
1,1,14,-1.36526021321442
1,1,15,-1.35139970343559
1,1,16,-1.33753919365676
1,1,17,-1.32367868387794
1,1,18,-1.30981817409911
1,1,19,-1.29595766432028
1,1,20,-1.28209715454146
1,1,21,-1.26823664476263
1,1,22,-1.2543761349838
1,1,23,-1.24051562520498
1,1,24,-1.22665511542615
1,1,25,-1.21279460564732
1,1,26,-1.1989340958685
1,1,27,-1.18507358608967
1,1,28,-1.17121307631084
1,1,29,-1.15735256653202
1,1,30,-1.14349205675319
1,1,31,-1.12963154697436
1,1,32,-1.11577103719554
1,2,1,-1.54544684033916
1,2,2,-1.53158633056033
1,2,3,-1.51772582078151
1,2,4,-1.50386531100268
1,2,5,-1.49000480122386
1,2,6,-1.47614429144503
1,2,7,-1.4622837816662
1,2,8,-1.44842327188738
1,2,9,-1.43456276210855
1,2,10,-1.42070225232972
1,2,11,-1.4068417425509
1,2,12,-1.39298123277207
1,2,13,-1.37912072299324
1,2,14,-1.36526021321442
1,2,15,-1.35139970343559
1,2,16,-1.33753919365676
1,2,17,-1.32367868387794
1,2,18,-1.30981817409911
1,2,19,-1.29595766432028
1,2,20,-1.28209715454146
1,2,21,-1.26823664476263
1,2,22,-1.2543761349838
1,2,23,-1.24051562520498
1,2,24,-1.22665511542615
1,2,25,-1.21279460564732
1,2,26,-1.1989340958685
1,2,27,-1.18507358608967
1,2,28,-1.17121307631084
1,2,29,-1.15735256653202
1,2,30,-1.14349205675319
1,2,31,-1.12963154697436
1,2,32,-1.11577103719554
2,1,1,-0.658374214494262
2,1,2,-0.644513704715435
2,1,3,-0.630653194936609
2,1,4,-0.616792685157782
2,1,5,-0.602932175378955
2,1,6,-0.589071665600129
2,1,7,-0.575211155821302
2,1,8,-0.561350646042476
2,1,9,-0.547490136263649
2,1,10,-0.533629626484823
2,1,11,-0.519769116705996
2,1,12,-0.505908606927169
2,1,13,-0.492048097148343
2,1,14,-0.478187587369516
2,1,15,-0.46432707759069
2,1,16,-0.450466567811863
2,1,17,-0.436606058033037
2,1,18,-0.42274554825421
2,1,19,-0.408885038475384
2,1,20,-0.395024528696557
2,1,21,-0.38116401891773
2,1,22,-0.367303509138904
2,1,23,-0.353442999360077
2,1,24,-0.339582489581251
2,1,25,-0.325721979802424
2,1,26,-0.311861470023598
2,1,27,-0.298000960244771
2,1,28,-0.284140450465944
2,1,29,-0.270279940687118
2,1,30,-0.256419430908291
2,1,31,-0.242558921129465
2,1,32,-0.228698411350638
2,2,1,-0.658374214494262
2,2,2,-0.644513704715435
2,2,3,-0.630653194936609
2,2,4,-0.616792685157782
2,2,5,-0.602932175378955
2,2,6,-0.589071665600129
2,2,7,-0.575211155821302
2,2,8,-0.561350646042476
2,2,9,-0.547490136263649
2,2,10,-0.533629626484823
2,2,11,-0.519769116705996
2,2,12,-0.505908606927169
2,2,13,-0.492048097148343
2,2,14,-0.478187587369516
2,2,15,-0.46432707759069
2,2,16,-0.450466567811863
2,2,17,-0.436606058033037
2,2,18,-0.42274554825421
2,2,19,-0.408885038475384
2,2,20,-0.395024528696557
2,2,21,-0.38116401891773
2,2,22,-0.367303509138904
2,2,23,-0.353442999360077
2,2,24,-0.339582489581251
2,2,25,-0.325721979802424
2,2,26,-0.311861470023598
2,2,27,-0.298000960244771
2,2,28,-0.284140450465944
2,2,29,-0.270279940687118
2,2,30,-0.256419430908291
2,2,31,-0.242558921129465
2,2,32,-0.228698411350638
3,1,1,0.228698411350638
3,1,2,0.242558921129465
3,1,3,0.256419430908291
3,1,4,0.270279940687118
3,1,5,0.284140450465944
3,1,6,0.298000960244771
3,1,7,0.311861470023598
3,1,8,0.325721979802424
3,1,9,0.339582489581251
3,1,10,0.353442999360077
3,1,11,0.367303509138904
3,1,12,0.38116401891773
3,1,13,0.395024528696557
3,1,14,0.408885038475384
3,1,15,0.42274554825421
3,1,16,0.436606058033037
3,1,17,0.450466567811863
3,1,18,0.46432707759069
3,1,19,0.478187587369516
3,1,20,0.492048097148343
3,1,21,0.505908606927169
3,1,22,0.519769116705996
3,1,23,0.533629626484823
3,1,24,0.547490136263649
3,1,25,0.561350646042476
3,1,26,0.575211155821302
3,1,27,0.589071665600129
3,1,28,0.602932175378955
3,1,29,0.616792685157782
3,1,30,0.630653194936609
3,1,31,0.644513704715435
3,1,32,0.658374214494262
3,2,1,0.228698411350638
3,2,2,0.242558921129465
3,2,3,0.256419430908291
3,2,4,0.270279940687118
3,2,5,0.284140450465944
3,2,6,0.298000960244771
3,2,7,0.311861470023598
3,2,8,0.325721979802424
3,2,9,0.339582489581251
3,2,10,0.353442999360077
3,2,11,0.367303509138904
3,2,12,0.38116401891773
3,2,13,0.395024528696557
3,2,14,0.408885038475384
3,2,15,0.42274554825421
3,2,16,0.436606058033037
3,2,17,0.450466567811863
3,2,18,0.46432707759069
3,2,19,0.478187587369516
3,2,20,0.492048097148343
3,2,21,0.505908606927169
3,2,22,0.519769116705996
3,2,23,0.533629626484823
3,2,24,0.547490136263649
3,2,25,0.561350646042476
3,2,26,0.575211155821302
3,2,27,0.589071665600129
3,2,28,0.602932175378955
3,2,29,0.616792685157782
3,2,30,0.630653194936609
3,2,31,0.644513704715435
3,2,32,0.658374214494262
4,1,1,1.11577103719554
4,1,2,1.12963154697436
4,1,3,1.14349205675319
4,1,4,1.15735256653202
4,1,5,1.17121307631084
4,1,6,1.18507358608967
4,1,7,1.1989340958685
4,1,8,1.21279460564732
4,1,9,1.22665511542615
4,1,10,1.24051562520498
4,1,11,1.2543761349838
4,1,12,1.26823664476263
4,1,13,1.28209715454146
4,1,14,1.29595766432028
4,1,15,1.30981817409911
4,1,16,1.32367868387794
4,1,17,1.33753919365676
4,1,18,1.35139970343559
4,1,19,1.36526021321442
4,1,20,1.37912072299324
4,1,21,1.39298123277207
4,1,22,1.4068417425509
4,1,23,1.42070225232972
4,1,24,1.43456276210855
4,1,25,1.44842327188738
4,1,26,1.4622837816662
4,1,27,1.47614429144503
4,1,28,1.49000480122386
4,1,29,1.50386531100268
4,1,30,1.51772582078151
4,1,31,1.53158633056033
4,1,32,1.54544684033916
4,2,1,1.11577103719554
4,2,2,1.12963154697436
4,2,3,1.14349205675319
4,2,4,1.15735256653202
4,2,5,1.17121307631084
4,2,6,1.18507358608967
4,2,7,1.1989340958685
4,2,8,1.21279460564732
4,2,9,1.22665511542615
4,2,10,1.24051562520498
4,2,11,1.2543761349838
4,2,12,1.26823664476263
4,2,13,1.28209715454146
4,2,14,1.29595766432028
4,2,15,1.30981817409911
4,2,16,1.32367868387794
4,2,17,1.33753919365676
4,2,18,1.35139970343559
4,2,19,1.36526021321442
4,2,20,1.37912072299324
4,2,21,1.39298123277207
4,2,22,1.4068417425509
4,2,23,1.42070225232972
4,2,24,1.43456276210855
4,2,25,1.44842327188738
4,2,26,1.4622837816662
4,2,27,1.47614429144503
4,2,28,1.49000480122386
4,2,29,1.50386531100268
4,2,30,1.51772582078151
4,2,31,1.53158633056033
4,2,32,1.54544684033916
