"section","index","value"
"convolution",1,5
"convolution",2,7
"convolution",3,9
"convolution",4,11
"convolution",5,13
"average_pool",1,1.5
"average_pool",2,3.5
"average_pool",3,5.5
"average_pool",4,7.5
"causal",1,2
"causal",2,3
"causal",3,4.5
"causal",4,6
"causal",5,7.5
"causal",6,9
"lstm",1,-0.0523892561748808
"lstm",2,-0.0591296923789996
"lstm",3,-0.00967076741132749
"lstm",4,0.0905378720378495
"probability",1,0.042010066134066
"probability",2,0.114195199384594
"probability",3,0.843794734481339
"probability",4,0.843794734481339
"probability",5,0.114195199384594
"probability",6,0.042010066134066
