item,feature_0001,feature_0002,feature_0003,feature_0004,feature_0005,feature_0006
1,0.970932722,-0.329872966,0.348552346,0.62209934,-0.199829489,-0.065761745
2,1.00404751,-0.33885926,0.721068799,0.454359144,0.01635997,-0.0703684539
3,1.09846365,-0.373986363,0.955552995,0.415451556,0.109865025,-0.0659817159
4,1.21780324,-0.426047236,1.05008841,0.474205762,0.0959211439,-0.0515474305
5,1.3513875,-0.493912041,0.995584965,0.62669313,-0.0283704549,-0.0247689374
6,1.50000262,-0.580314875,0.784360945,0.88132596,-0.27520442,0.020254571
7,1.65670717,-0.664987445,0.468740314,1.19896758,-0.589081585,0.0642473847
8,1.80079854,-0.732321858,0.106265754,1.52884328,-0.915197194,0.0976447761
9,1.92225409,-0.769325316,-0.239058688,1.82170296,-1.19279921,0.105438046
10,2.006387,-0.76562953,-0.509597421,2.03206849,-1.37217343,0.0805243999
11,2.04682779,-0.717297196,-0.66329819,2.13089538,-1.42107391,0.0196955577
12,2.0393343,-0.633196592,-0.691821218,2.11490607,-1.34607494,-0.064615123
13,2.02260089,-0.571747363,-0.673334658,2.06190228,-1.24789429,-0.136063844
14,1.99516559,-0.53413254,-0.616413116,1.98279047,-1.14359272,-0.184909284
15,1.9713074,-0.518697858,-0.531951129,1.89639449,-1.04362857,-0.214657381
16,1.94814634,-0.520008504,-0.435914159,1.81397021,-0.9615556,-0.222396269
17,1.9392972,-0.529175937,-0.332654297,1.74263763,-0.88752985,-0.225150481
18,1.93002462,-0.539239645,-0.23431623,1.67796612,-0.823607087,-0.222208664
19,1.91751361,-0.546325803,-0.150572732,1.61905742,-0.767251134,-0.219519466
20,1.90090156,-0.546531081,-0.0888824463,1.56742394,-0.717851222,-0.221416473
21,1.87958825,-0.529159367,-0.0437671542,1.52034998,-0.665990651,-0.23454839
22,1.8853724,-0.545548022,-0.0998937488,1.55534482,-0.713394165,-0.22341466
23,1.93181014,-0.613573194,-0.278535306,1.69634318,-0.889744699,-0.177266479
24,2.00054383,-0.694020987,-0.499920398,1.87904,-1.10615587,-0.127233058
25,2.04432774,-0.720711708,-0.640264153,1.99310589,-1.22485042,-0.114766523
26,2.05455971,-0.689836264,-0.672130585,2.01374698,-1.21986914,-0.144037068
27,2.05128908,-0.655996144,-0.667049706,2.00011778,-1.18198442,-0.176103532
28,2.0401473,-0.630810499,-0.638311028,1.96641183,-1.13181603,-0.201403111
29,2.02996683,-0.62675333,-0.609145105,1.93597174,-1.09921026,-0.209147096
30,2.014678,-0.619885802,-0.551296532,1.88867414,-1.04970276,-0.214977086
31,2.00206232,-0.621988535,-0.494604141,1.84857523,-1.01374388,-0.210360348
32,1.99247622,-0.632960856,-0.449430704,1.82017779,-0.995889843,-0.196764678
33,1.96634567,-0.609105229,-0.356239915,1.74928188,-0.91730082,-0.207459331
34,1.95919061,-0.633269668,-0.353739738,1.74561357,-0.935188174,-0.184632912
35,1.93496895,-0.616287827,-0.309881836,1.70123053,-0.890357375,-0.191767618
36,1.90495753,-0.576228976,-0.258853436,1.6475141,-0.823896885,-0.214443594
37,1.89867437,-0.57673192,-0.300772786,1.67009628,-0.857334018,-0.205704063
38,1.91595328,-0.618215561,-0.428175598,1.76446569,-0.985633254,-0.165765733
39,1.96297276,-0.685684144,-0.598076105,1.90264153,-1.15827096,-0.118794799
40,1.98967707,-0.69789356,-0.670677364,1.96278834,-1.21617389,-0.117021643
41,1.98444247,-0.652138233,-0.632285118,1.9294045,-1.14874423,-0.157850146
42,1.98833179,-0.645121455,-0.629511356,1.92416596,-1.13289762,-0.171618968
43,1.99512148,-0.657217503,-0.632712662,1.92601681,-1.13595223,-0.17099607
44,1.97828102,-0.619135022,-0.538895488,1.85347748,-1.03631294,-0.204183385
45,1.98803997,-0.64281702,-0.531676471,1.85721612,-1.048311,-0.190855235
46,1.99828827,-0.666540742,-0.521291852,1.86118674,-1.06069946,-0.175995886
47,1.98660707,-0.640152812,-0.43514362,1.80168188,-0.981415212,-0.197052687
48,1.98046422,-0.628843129,-0.38163507,1.76396835,-0.933183968,-0.208727792
49,1.99476361,-0.664331079,-0.416793078,1.79338884,-0.97932899,-0.188420117
50,1.99113035,-0.650467217,-0.394817233,1.7731359,-0.947634578,-0.203656644
51,1.97246575,-0.588377237,-0.31920284,1.70942211,-0.844507039,-0.252209425
52,1.9808768,-0.576777816,-0.340805322,1.7272234,-0.851294041,-0.263027221
53,2.03098083,-0.657327175,-0.515140533,1.87085438,-1.0365783,-0.207043111
54,2.06476736,-0.705125093,-0.633748889,1.96752131,-1.15686572,-0.174678296
55,2.06792855,-0.694578588,-0.646264434,1.97482061,-1.15560806,-0.184943855
56,2.04046559,-0.627543867,-0.550378919,1.89182103,-1.03299713,-0.23624219
57,2.04188442,-0.638955176,-0.558491826,1.89499784,-1.04228556,-0.231073111
58,2.054811,-0.681663513,-0.601059437,1.93025994,-1.10195863,-0.201849759
59,2.04488945,-0.670461774,-0.550350308,1.89405358,-1.05945468,-0.20889625
60,2.01317549,-0.607037485,-0.414615273,1.79122138,-0.920619071,-0.251660287
61,2.02314234,-0.642051697,-0.435114264,1.81530666,-0.965389132,-0.224006847
62,2.03674793,-0.688837767,-0.479982615,1.85498023,-1.03317177,-0.189155713
63,2.0270896,-0.682812393,-0.452713251,1.83039963,-1.00715709,-0.193483993
64,1.99670184,-0.623951852,-0.358294249,1.74775219,-0.89310205,-0.236024439
65,1.971102,-0.565493286,-0.283122003,1.68110752,-0.795006633,-0.277294993
66,1.99826705,-0.618018746,-0.398727775,1.77278841,-0.918223977,-0.23754862
67,2.00988531,-0.627894878,-0.455908328,1.81813586,-0.970651269,-0.227024868
68,2.0380106,-0.679674625,-0.576833248,1.91471481,-1.09880555,-0.186569035
69,2.04911709,-0.703313053,-0.641889811,1.96290612,-1.16356373,-0.167164266
70,2.02887607,-0.667997003,-0.597404242,1.91920042,-1.10393333,-0.190780252
71,1.9812336,-0.579447627,-0.452406049,1.79350328,-0.932788372,-0.252296358
72,1.98704696,-0.605775237,-0.473354727,1.81001329,-0.964888394,-0.23447527
73,2.01034522,-0.675784111,-0.55646956,1.88130975,-1.07840109,-0.181776717
74,2.00764489,-0.691028357,-0.552281976,1.88278222,-1.09388077,-0.163819805
75,1.97662807,-0.649380684,-0.460634053,1.81045055,-1.00644672,-0.183671564
76,1.91888452,-0.557905674,-0.295500964,1.6719234,-0.828030348,-0.237872377
77,1.92145824,-0.595574677,-0.338945627,1.70186043,-0.887022436,-0.206297457
78,1.93708313,-0.66131258,-0.439200252,1.77476108,-1.00522113,-0.155574501
79,1.93447566,-0.674798131,-0.473976314,1.79436541,-1.04000735,-0.141286492
80,1.91403866,-0.633548379,-0.438879609,1.75978029,-0.988761365,-0.164112777
81,1.87657046,-0.544006228,-0.337617368,1.67352545,-0.857953727,-0.21982044
82,1.91084206,-0.623529911,-0.501468182,1.80372679,-1.04059529,-0.154605955
83,1.9299978,-0.6790784,-0.617238581,1.8914597,-1.16808915,-0.107697144
84,1.91808629,-0.677196741,-0.626694024,1.88882422,-1.17363036,-0.10323596
85,1.90066504,-0.620791137,-0.527226627,1.80809903,-1.05153537,-0.154424444
86,1.88287699,-0.57253325,-0.429850787,1.73099518,-0.940108776,-0.196643323
87,1.87080789,-0.552886963,-0.374608397,1.68989587,-0.887838423,-0.209882438
88,1.90066171,-0.645427108,-0.49721837,1.79476094,-1.0525409,-0.134650469
89,1.91183782,-0.687169671,-0.539705157,1.83597207,-1.12224257,-0.0973660946
90,1.91519594,-0.674452901,-0.492512316,1.80847836,-1.0775001,-0.113612153
91,1.90814352,-0.609486163,-0.362753987,1.71429062,-0.924217343,-0.180624738
92,1.92191577,-0.602748513,-0.335286528,1.69707978,-0.884676337,-0.205010265
93,1.93174958,-0.58595854,-0.308761865,1.67914248,-0.841460824,-0.23311621
94,1.96730244,-0.621250987,-0.382931679,1.74647021,-0.915579915,-0.218595952
95,2.00568175,-0.658694744,-0.474138379,1.83049417,-1.01019478,-0.197200716
96,2.019135,-0.646437407,-0.489687651,1.85101032,-1.01641238,-0.207967639
97,2.03780079,-0.668778718,-0.550192595,1.90180397,-1.077191,-0.192944139
98,2.04884005,-0.702513456,-0.612018764,1.94543409,-1.14228165,-0.169581592
99,2.02375221,-0.676968336,-0.564309597,1.89412642,-1.08315992,-0.187167853
100,1.96927118,-0.594979525,-0.418277621,1.76339281,-0.915950656,-0.240950257
101,1.93135905,-0.550357699,-0.330245495,1.68689132,-0.826884568,-0.261408627
